<?xml version="1.0" encoding="UTF-8" standalone="yes"?>
<addon id="repository.niffah" name="NiffaH Repo" version="1.0" provider-name="jayskee">
    <extension point="xbmc.addon.repository" name="Example Repository">
        <dir>
            <info compressed="false">https://raw.githubusercontent.com/jayskee/repository.niffah/master/zips/addons.xml</info>
            <checksum>https://raw.githubusercontent.com/jayskee/repository.niffah/master/zips/addons.xml.md5</checksum>
            <datadir zip="true">https://raw.githubusercontent.com/jayskee/repository.niffah/master/zips/</datadir>
        </dir>
    </extension>
    <extension point="xbmc.addon.metadata">
        <summary>NiffaH Repo</summary>
        <description>Official Repo for Kodi Wizard</description>
        <disclaimer></disclaimer>
        <platform>all</platform>
        <assets>
            <icon>icon.png</icon>
            <fanart>fanart.jpg</fanart>
        </assets>
    </extension>
</addon>